sh600020,2021_03_05_09:38:33,3.26,0.01,132,"43,032",
sh600020,2021_03_05_09:38:30,3.25,-0.01,6,"1,950",
sh600020,2021_03_05_09:38:15,3.26,0.01,60,"19,560",
sh600020,2021_03_05_09:37:54,3.25,-0.01,1,325,
sh600020,2021_03_05_09:37:51,3.26,0.01,1,326,
sh600020,2021_03_05_09:37:27,3.25,-0.01,5,"1,625",
sh600020,2021_03_05_09:36:57,3.26,0.01,47,"15,322",
sh600020,2021_03_05_09:36:51,3.25,-0.01,2,650,
sh600020,2021_03_05_09:36:48,3.26,--,391,"127,466",
sh600020,2021_03_05_09:36:39,3.26,--,50,"16,300",
sh600020,2021_03_05_09:36:36,3.26,--,1,326,
sh600020,2021_03_05_09:36:33,3.26,--,54,"17,604",
sh600020,2021_03_05_09:36:30,3.26,0.01,13,"4,238",
sh600020,2021_03_05_09:36:27,3.25,-0.01,20,"6,500",
sh600020,2021_03_05_09:36:24,3.26,--,25,"8,150",
sh600020,2021_03_05_09:36:21,3.26,--,12,"3,912",
sh600020,2021_03_05_09:36:18,3.26,--,13,"4,238",
sh600020,2021_03_05_09:36:15,3.26,--,119,"38,794",
sh600020,2021_03_05_09:36:12,3.26,--,258,"84,108",
sh600020,2021_03_05_09:36:09,3.26,--,5,"1,630",
sh600020,2021_03_05_09:36:06,3.26,0.01,489,"159,414",
sh600020,2021_03_05_09:36:03,3.25,--,1,325,
sh600020,2021_03_05_09:35:48,3.25,--,9,"2,925",
sh600020,2021_03_05_09:35:45,3.25,-0.01,3,975,
sh600020,2021_03_05_09:35:33,3.26,--,235,"76,610",
sh600020,2021_03_05_09:35:27,3.26,--,17,"5,542",
sh600020,2021_03_05_09:35:24,3.26,--,1,326,
sh600020,2021_03_05_09:35:21,3.26,--,1,326,
sh600020,2021_03_05_09:35:18,3.26,--,3,978,
sh600020,2021_03_05_09:35:15,3.26,--,2,652,
sh600020,2021_03_05_09:35:12,3.26,--,3,978,
sh600020,2021_03_05_09:35:09,3.26,--,5,"1,630",
sh600020,2021_03_05_09:35:06,3.26,-0.01,509,"165,934",
sh600020,2021_03_05_09:35:00,3.27,0.01,94,"30,738",
sh600020,2021_03_05_09:34:51,3.26,--,27,"8,802",
sh600020,2021_03_05_09:34:48,3.26,-0.01,21,"6,846",
sh600020,2021_03_05_09:34:45,3.27,--,31,"10,137",
sh600020,2021_03_05_09:34:36,3.27,--,10,"3,270",
sh600020,2021_03_05_09:34:24,3.27,--,94,"30,738",
sh600020,2021_03_05_09:34:21,3.27,--,223,"72,921",
sh600020,2021_03_05_09:34:12,3.27,--,93,"30,411",
sh600020,2021_03_05_09:34:09,3.27,--,109,"35,643",
sh600020,2021_03_05_09:33:51,3.27,--,6,"1,962",
sh600020,2021_03_05_09:33:36,3.27,--,2,654,
sh600020,2021_03_05_09:33:33,3.27,--,35,"11,445",
sh600020,2021_03_05_09:33:03,3.27,--,11,"3,597",
sh600020,2021_03_05_09:32:54,3.27,0.01,90,"29,430",
sh600020,2021_03_05_09:32:39,3.26,--,2,652,
sh600020,2021_03_05_09:31:51,3.26,--,0,0,
sh600020,2021_03_05_09:31:48,3.26,--,0,0,
sh600020,2021_03_05_09:31:45,3.26,-0.01,446,"145,396",
sh600020,2021_03_05_09:31:36,3.27,0.01,393,"128,511",
sh600020,2021_03_05_09:31:27,3.26,--,47,"15,322",
sh600020,2021_03_05_09:31:18,3.26,--,39,"12,714",
sh600020,2021_03_05_09:31:15,3.26,--,1,326,
sh600020,2021_03_05_09:30:18,3.26,--,2,652,
sh600020,2021_03_05_09:30:15,3.26,--,2,652,
sh600020,2021_03_05_09:30:12,3.26,--,23,"7,498",
sh600020,2021_03_05_09:30:09,3.26,--,47,"15,322",
sh600020,2021_03_05_09:30:06,3.26,--,161,"52,486",
sh600020,2021_03_05_09:30:03,3.26,--,11,"3,586",
sh600020,2021_03_05_09:25:00,3.26,3.26,152,"49,552",
sh600020,2021_03_05_09:52:00,3.26,-0.01,2,652,
sh600020,2021_03_05_09:50:51,3.27,--,4,"1,308",
sh600020,2021_03_05_09:50:36,3.27,0.01,22,"7,194",
sh600020,2021_03_05_09:50:27,3.26,-0.01,1,326,
sh600020,2021_03_05_09:50:24,3.27,--,16,"5,232",
sh600020,2021_03_05_09:50:15,3.27,--,0,0,
sh600020,2021_03_05_09:50:12,3.27,0.01,372,"121,644",
sh600020,2021_03_05_09:50:09,3.26,--,10,"3,260",
sh600020,2021_03_05_09:50:03,3.26,0.01,3,978,
sh600020,2021_03_05_09:50:00,3.25,-0.01,2,650,
sh600020,2021_03_05_09:49:54,3.26,0.01,1,326,
sh600020,2021_03_05_09:49:45,3.25,--,10,"3,250",
sh600020,2021_03_05_09:49:42,3.25,-0.01,11,"3,575",
sh600020,2021_03_05_09:49:33,3.26,--,16,"5,216",
sh600020,2021_03_05_09:49:21,3.26,--,42,"13,692",
sh600020,2021_03_05_09:49:15,3.26,--,43,"14,018",
sh600020,2021_03_05_09:49:12,3.26,0.01,2,652,
sh600020,2021_03_05_09:49:06,3.25,-0.01,42,"13,650",
sh600020,2021_03_05_09:49:03,3.26,--,24,"7,824",
sh600020,2021_03_05_09:49:00,3.26,--,25,"8,150",
sh600020,2021_03_05_09:48:57,3.26,--,18,"5,868",
sh600020,2021_03_05_09:48:24,3.26,--,3,978,
sh600020,2021_03_05_09:47:30,3.26,--,1,326,
sh600020,2021_03_05_09:47:24,3.26,--,9,"2,934",
sh600020,2021_03_05_09:47:21,3.26,0.01,10,"3,260",
sh600020,2021_03_05_09:47:12,3.25,--,2,650,
sh600020,2021_03_05_09:47:00,3.25,-0.01,1,325,
sh600020,2021_03_05_09:46:27,3.26,--,1,326,
sh600020,2021_03_05_09:46:24,3.26,--,18,"5,868",
sh600020,2021_03_05_09:46:18,3.26,--,4,"1,304",
sh600020,2021_03_05_09:46:03,3.26,--,1,326,
sh600020,2021_03_05_09:45:57,3.26,--,1,326,
sh600020,2021_03_05_09:45:48,3.26,0.01,10,"3,260",
sh600020,2021_03_05_09:45:42,3.25,-0.01,20,"6,500",
sh600020,2021_03_05_09:45:33,3.26,--,51,"16,626",
sh600020,2021_03_05_09:45:03,3.26,--,1,326,
sh600020,2021_03_05_09:44:45,3.26,--,11,"3,586",
sh600020,2021_03_05_09:44:15,3.26,0.01,20,"6,520",
sh600020,2021_03_05_09:44:12,3.25,--,70,"22,750",
sh600020,2021_03_05_09:44:09,3.25,--,2,650,
sh600020,2021_03_05_09:43:21,3.25,--,5,"1,625",
sh600020,2021_03_05_09:43:12,3.25,--,63,"20,475",
sh600020,2021_03_05_09:42:33,3.25,-0.01,1,325,
sh600020,2021_03_05_09:42:27,3.26,--,269,"87,981",
sh600020,2021_03_05_09:41:39,3.26,--,2,652,
sh600020,2021_03_05_09:41:36,3.26,--,1,326,
sh600020,2021_03_05_09:41:33,3.26,--,3,978,
sh600020,2021_03_05_09:41:30,3.26,--,3,978,
sh600020,2021_03_05_09:41:18,3.26,--,18,"5,868",
sh600020,2021_03_05_09:41:03,3.26,-0.01,2,652,
sh600020,2021_03_05_09:41:00,3.27,--,4,"1,308",
sh600020,2021_03_05_09:40:57,3.27,--,3,981,
sh600020,2021_03_05_09:40:48,3.27,0.01,2134,"697,818",
sh600020,2021_03_05_09:40:09,3.26,--,10,"3,260",
sh600020,2021_03_05_09:40:00,3.26,-0.01,1,326,
sh600020,2021_03_05_09:39:57,3.27,0.01,16,"5,232",
sh600020,2021_03_05_09:39:54,3.26,--,35,"11,410",
sh600020,2021_03_05_09:39:48,3.26,0.01,142,"46,331",
sh600020,2021_03_05_09:39:09,3.25,-0.01,10,"3,250",
sh600020,2021_03_05_09:39:03,3.26,3.26,30,"9,780",
sh600020,2021_03_05_10:05:33,3.26,--,2,652,
sh600020,2021_03_05_10:05:03,3.26,-0.01,1,326,
sh600020,2021_03_05_10:04:42,3.27,0.01,5,"1,635",
sh600020,2021_03_05_10:04:39,3.26,--,10,"3,260",
sh600020,2021_03_05_10:04:15,3.26,--,5,"1,630",
sh600020,2021_03_05_10:04:12,3.26,--,20,"6,520",
sh600020,2021_03_05_10:04:03,3.26,--,1,326,
sh600020,2021_03_05_10:03:42,3.26,-0.01,3,978,
sh600020,2021_03_05_10:02:15,3.27,0.01,9,"2,943",
sh600020,2021_03_05_10:02:12,3.26,-0.01,26,"8,476",
sh600020,2021_03_05_10:02:03,3.27,0.01,153,"50,031",
sh600020,2021_03_05_10:01:27,3.26,-0.01,21,"6,846",
sh600020,2021_03_05_10:01:18,3.27,--,1,327,
sh600020,2021_03_05_10:01:03,3.27,0.01,4,"1,308",
sh600020,2021_03_05_10:00:54,3.26,-0.01,90,"29,340",
sh600020,2021_03_05_10:00:45,3.27,--,1,327,
sh600020,2021_03_05_10:00:42,3.27,0.01,1,327,
sh600020,2021_03_05_10:00:15,3.26,--,10,"3,260",
sh600020,2021_03_05_10:00:12,3.26,--,28,"9,128",
sh600020,2021_03_05_10:00:06,3.26,--,3,978,
sh600020,2021_03_05_10:00:03,3.26,--,473,"154,198",
sh600020,2021_03_05_10:00:00,3.26,--,1,326,
sh600020,2021_03_05_09:59:57,3.26,-0.01,102,"33,252",
sh600020,2021_03_05_09:59:33,3.27,0.01,6,"1,962",
sh600020,2021_03_05_09:59:24,3.26,--,3,978,
sh600020,2021_03_05_09:59:15,3.26,-0.01,2,652,
sh600020,2021_03_05_09:58:51,3.27,--,4,"1,308",
sh600020,2021_03_05_09:58:39,3.27,0.01,1,327,
sh600020,2021_03_05_09:58:36,3.26,--,8,"2,608",
sh600020,2021_03_05_09:58:33,3.26,-0.01,2,652,
sh600020,2021_03_05_09:58:24,3.27,--,2,654,
sh600020,2021_03_05_09:58:00,3.27,0.01,5,"1,635",
sh600020,2021_03_05_09:57:57,3.26,--,30,"9,780",
sh600020,2021_03_05_09:57:45,3.26,--,2,652,
sh600020,2021_03_05_09:56:15,3.26,--,3,978,
sh600020,2021_03_05_09:56:06,3.26,--,1,326,
sh600020,2021_03_05_09:56:03,3.26,--,4,"1,304",
sh600020,2021_03_05_09:55:36,3.26,--,1,326,
sh600020,2021_03_05_09:55:33,3.26,-0.01,30,"9,780",
sh600020,2021_03_05_09:54:06,3.27,--,5,"1,635",
sh600020,2021_03_05_09:53:54,3.27,0.01,6,"1,962",
sh600020,2021_03_05_09:53:51,3.26,--,1,326,
sh600020,2021_03_05_09:53:45,3.26,--,2,652,
sh600020,2021_03_05_09:53:15,3.26,-0.01,8,"2,608",
sh600020,2021_03_05_09:52:45,3.27,0.01,3,981,
sh600020,2021_03_05_09:52:42,3.26,-0.01,3,978,
sh600020,2021_03_05_09:52:15,3.27,3.27,13,"4,251",
sh600020,2021_03_05_10:19:21,3.26,--,2,652,
sh600020,2021_03_05_10:19:15,3.26,--,1,326,
sh600020,2021_03_05_10:19:12,3.26,-0.01,2,652,
sh600020,2021_03_05_10:18:24,3.27,0.01,6,"1,962",
sh600020,2021_03_05_10:17:54,3.26,-0.01,1,326,
sh600020,2021_03_05_10:17:42,3.27,0.01,2,654,
sh600020,2021_03_05_10:17:27,3.26,--,2,652,
sh600020,2021_03_05_10:17:24,3.26,-0.01,1,326,
sh600020,2021_03_05_10:16:54,3.27,0.01,3,981,
sh600020,2021_03_05_10:16:48,3.26,-0.01,51,"16,626",
sh600020,2021_03_05_10:16:15,3.27,--,1,327,
sh600020,2021_03_05_10:16:12,3.27,0.01,2,654,
sh600020,2021_03_05_10:16:09,3.26,--,10,"3,260",
sh600020,2021_03_05_10:16:00,3.26,--,1,326,
sh600020,2021_03_05_10:15:54,3.26,-0.01,2,652,
sh600020,2021_03_05_10:15:45,3.27,--,1,327,
sh600020,2021_03_05_10:15:42,3.27,0.01,1,327,
sh600020,2021_03_05_10:15:30,3.26,-0.01,1,326,
sh600020,2021_03_05_10:15:03,3.27,0.01,1,327,
sh600020,2021_03_05_10:14:39,3.26,--,1,326,
sh600020,2021_03_05_10:14:00,3.26,--,2,652,
sh600020,2021_03_05_10:13:18,3.26,--,2,652,
sh600020,2021_03_05_10:13:15,3.26,-0.01,1,326,
sh600020,2021_03_05_10:11:51,3.27,0.01,4,"1,308",
sh600020,2021_03_05_10:11:39,3.26,--,30,"9,780",
sh600020,2021_03_05_10:11:15,3.26,--,3,978,
sh600020,2021_03_05_10:10:33,3.26,--,20,"6,520",
sh600020,2021_03_05_10:10:27,3.26,--,2,652,
sh600020,2021_03_05_10:10:21,3.26,-0.01,2,652,
sh600020,2021_03_05_10:10:09,3.27,0.01,27,"8,829",
sh600020,2021_03_05_10:10:06,3.26,--,205,"66,830",
sh600020,2021_03_05_10:10:03,3.26,--,2,652,
sh600020,2021_03_05_10:10:00,3.26,-0.01,501,"163,326",
sh600020,2021_03_05_10:09:48,3.27,0.01,14,"4,578",
sh600020,2021_03_05_10:09:42,3.26,--,309,"100,734",
sh600020,2021_03_05_10:09:33,3.26,-0.01,7,"2,282",
sh600020,2021_03_05_10:09:27,3.27,0.01,3,981,
sh600020,2021_03_05_10:09:21,3.26,--,2,652,
sh600020,2021_03_05_10:09:18,3.26,--,3,978,
sh600020,2021_03_05_10:09:12,3.26,--,1,326,
sh600020,2021_03_05_10:08:48,3.26,--,2,652,
sh600020,2021_03_05_10:08:45,3.26,--,1,326,
sh600020,2021_03_05_10:08:39,3.26,--,1,326,
sh600020,2021_03_05_10:08:24,3.26,-0.01,2,652,
sh600020,2021_03_05_10:08:06,3.27,--,9,"2,943",
sh600020,2021_03_05_10:07:36,3.27,--,32,"10,464",
sh600020,2021_03_05_10:07:27,3.27,0.01,2,654,
sh600020,2021_03_05_10:07:06,3.26,-0.01,22,"7,172",
sh600020,2021_03_05_10:06:33,3.27,0.01,3,981,
sh600020,2021_03_05_10:06:30,3.26,--,1,326,
sh600020,2021_03_05_10:06:27,3.26,--,1,326,
sh600020,2021_03_05_10:05:51,3.26,3.26,2,652,
sh600020,2021_03_05_10:33:00,3.26,--,24,"7,824",
sh600020,2021_03_05_10:32:51,3.26,--,20,"6,520",
sh600020,2021_03_05_10:32:48,3.26,-0.01,233,"75,958",
sh600020,2021_03_05_10:32:45,3.27,0.01,300,"98,100",
sh600020,2021_03_05_10:32:33,3.26,--,132,"43,032",
sh600020,2021_03_05_10:32:30,3.26,--,14,"4,564",
sh600020,2021_03_05_10:32:27,3.26,--,20,"6,520",
sh600020,2021_03_05_10:31:54,3.26,--,21,"6,846",
sh600020,2021_03_05_10:31:51,3.26,--,2,652,
sh600020,2021_03_05_10:31:42,3.26,--,31,"10,106",
sh600020,2021_03_05_10:31:18,3.26,--,0,0,
sh600020,2021_03_05_10:31:15,3.26,-0.01,1,326,
sh600020,2021_03_05_10:31:12,3.27,0.01,61,"19,947",
sh600020,2021_03_05_10:31:03,3.26,-0.01,3,978,
sh600020,2021_03_05_10:31:00,3.27,0.02,157,"51,339",
sh600020,2021_03_05_10:30:51,3.25,-0.01,3,975,
sh600020,2021_03_05_10:30:48,3.26,0.01,40,"13,040",
sh600020,2021_03_05_10:30:45,3.25,-0.02,3189,"1,036,425",
sh600020,2021_03_05_10:30:33,3.27,0.01,4,"1,308",
sh600020,2021_03_05_10:30:30,3.26,-0.01,7,"2,282",
sh600020,2021_03_05_10:30:18,3.27,--,1,327,
sh600020,2021_03_05_10:30:06,3.27,0.01,1,327,
sh600020,2021_03_05_10:30:03,3.26,--,2,652,
sh600020,2021_03_05_10:29:57,3.26,0.01,287,"93,562",
sh600020,2021_03_05_10:29:54,3.25,-0.01,20,"6,500",
sh600020,2021_03_05_10:29:45,3.26,--,10,"3,260",
sh600020,2021_03_05_10:29:39,3.26,-0.01,4,"1,304",
sh600020,2021_03_05_10:29:33,3.27,--,0,0,
sh600020,2021_03_05_10:29:21,3.27,--,87,"28,449",
sh600020,2021_03_05_10:29:12,3.27,0.01,161,"52,647",
sh600020,2021_03_05_10:29:09,3.26,--,4,"1,304",
sh600020,2021_03_05_10:29:06,3.26,--,59,"19,234",
sh600020,2021_03_05_10:29:03,3.26,--,10,"3,260",
sh600020,2021_03_05_10:29:00,3.26,--,209,"68,134",
sh600020,2021_03_05_10:28:57,3.26,--,207,"67,482",
sh600020,2021_03_05_10:28:54,3.26,--,5000,"1,630,000",
sh600020,2021_03_05_10:28:21,3.26,--,60,"19,560",
sh600020,2021_03_05_10:28:03,3.26,--,1284,"418,584",
sh600020,2021_03_05_10:28:00,3.26,--,35,"11,410",
sh600020,2021_03_05_10:27:45,3.26,--,2,652,
sh600020,2021_03_05_10:27:27,3.26,-0.01,1,326,
sh600020,2021_03_05_10:27:24,3.27,--,4,"1,308",
sh600020,2021_03_05_10:27:00,3.27,0.01,8,"2,616",
sh600020,2021_03_05_10:26:54,3.26,--,100,"32,600",
sh600020,2021_03_05_10:26:45,3.26,--,1,326,
sh600020,2021_03_05_10:26:42,3.26,--,1,326,
sh600020,2021_03_05_10:26:39,3.26,--,1,326,
sh600020,2021_03_05_10:26:33,3.26,--,2,652,
sh600020,2021_03_05_10:26:15,3.26,--,20,"6,520",
sh600020,2021_03_05_10:26:03,3.26,--,2,652,
sh600020,2021_03_05_10:25:30,3.26,--,1,326,
sh600020,2021_03_05_10:25:00,3.26,--,1,326,
sh600020,2021_03_05_10:24:57,3.26,--,1,326,
sh600020,2021_03_05_10:24:42,3.26,--,68,"22,168",
sh600020,2021_03_05_10:24:12,3.26,--,2,652,
sh600020,2021_03_05_10:23:27,3.26,-0.01,1,326,
sh600020,2021_03_05_10:23:03,3.27,--,8,"2,616",
sh600020,2021_03_05_10:22:54,3.27,0.01,71,"23,217",
sh600020,2021_03_05_10:22:48,3.26,--,1,326,
sh600020,2021_03_05_10:22:36,3.26,--,2,652,
sh600020,2021_03_05_10:22:24,3.26,-0.01,1,326,
sh600020,2021_03_05_10:21:33,3.27,--,4,"1,308",
sh600020,2021_03_05_10:21:21,3.27,0.01,20,"6,540",
sh600020,2021_03_05_10:20:57,3.26,--,10,"3,260",
sh600020,2021_03_05_10:20:54,3.26,--,4,"1,304",
sh600020,2021_03_05_10:20:51,3.26,-0.01,2,652,
sh600020,2021_03_05_10:20:39,3.27,--,2,654,
sh600020,2021_03_05_10:20:30,3.27,0.01,230,"75,210",
sh600020,2021_03_05_10:20:18,3.26,--,1,326,
sh600020,2021_03_05_10:20:12,3.26,--,1,326,
sh600020,2021_03_05_10:19:48,3.26,3.26,1,326,
sh600020,2021_03_05_10:46:30,3.27,0.01,39,"12,753",
sh600020,2021_03_05_10:46:24,3.26,--,1000,"326,000",
sh600020,2021_03_05_10:46:21,3.26,0.01,4,"1,304",
sh600020,2021_03_05_10:46:18,3.25,-0.01,52,"16,900",
sh600020,2021_03_05_10:46:00,3.26,--,3,978,
sh600020,2021_03_05_10:45:48,3.26,--,2,652,
sh600020,2021_03_05_10:45:39,3.26,0.01,5,"1,630",
sh600020,2021_03_05_10:45:09,3.25,--,162,"52,650",
sh600020,2021_03_05_10:44:57,3.25,-0.01,30,"9,750",
sh600020,2021_03_05_10:44:18,3.26,--,3,978,
sh600020,2021_03_05_10:43:39,3.26,--,8,"2,608",
sh600020,2021_03_05_10:43:30,3.26,--,0,0,
sh600020,2021_03_05_10:43:24,3.26,--,25,"8,150",
sh600020,2021_03_05_10:43:21,3.26,--,0,0,
sh600020,2021_03_05_10:43:18,3.26,0.01,28,"9,128",
sh600020,2021_03_05_10:43:12,3.25,-0.01,2,650,
sh600020,2021_03_05_10:43:09,3.26,--,40,"13,040",
sh600020,2021_03_05_10:42:30,3.26,-0.01,11,"3,586",
sh600020,2021_03_05_10:42:27,3.27,--,0,0,
sh600020,2021_03_05_10:42:24,3.27,0.01,17,"5,559",
sh600020,2021_03_05_10:42:15,3.26,--,6,"1,956",
sh600020,2021_03_05_10:42:12,3.26,--,0,0,
sh600020,2021_03_05_10:42:09,3.26,--,42,"13,692",
sh600020,2021_03_05_10:42:06,3.26,--,0,0,
sh600020,2021_03_05_10:41:48,3.26,--,60,"19,560",
sh600020,2021_03_05_10:41:36,3.26,-0.01,100,"32,600",
sh600020,2021_03_05_10:41:33,3.27,0.01,3,981,
sh600020,2021_03_05_10:41:24,3.26,--,4,"1,304",
sh600020,2021_03_05_10:41:15,3.26,0.01,4,"1,304",
sh600020,2021_03_05_10:41:06,3.25,-0.01,214,"69,550",
sh600020,2021_03_05_10:40:54,3.26,--,4,"1,304",
sh600020,2021_03_05_10:40:45,3.26,0.01,25,"8,150",
sh600020,2021_03_05_10:40:33,3.25,-0.01,96,"31,200",
sh600020,2021_03_05_10:40:30,3.26,--,69,"22,494",
sh600020,2021_03_05_10:40:21,3.26,--,0,0,
sh600020,2021_03_05_10:40:18,3.26,--,1,326,
sh600020,2021_03_05_10:40:15,3.26,-0.01,12,"3,912",
sh600020,2021_03_05_10:40:03,3.27,--,0,0,
sh600020,2021_03_05_10:39:33,3.27,0.01,4,"1,308",
sh600020,2021_03_05_10:39:24,3.26,-0.01,4,"1,304",
sh600020,2021_03_05_10:39:15,3.27,--,0,0,
sh600020,2021_03_05_10:39:12,3.27,--,3,981,
sh600020,2021_03_05_10:39:06,3.27,--,0,0,
sh600020,2021_03_05_10:39:03,3.27,0.01,41,"13,407",
sh600020,2021_03_05_10:39:00,3.26,--,41,"13,366",
sh600020,2021_03_05_10:38:51,3.26,--,353,"115,078",
sh600020,2021_03_05_10:38:45,3.26,--,3,978,
sh600020,2021_03_05_10:38:03,3.26,--,3,978,
sh600020,2021_03_05_10:37:33,3.26,--,1,326,
sh600020,2021_03_05_10:37:21,3.26,--,2,652,
sh600020,2021_03_05_10:37:18,3.26,--,2,652,
sh600020,2021_03_05_10:37:09,3.26,--,3,978,
sh600020,2021_03_05_10:37:06,3.26,--,795,"259,170",
sh600020,2021_03_05_10:36:21,3.26,0.01,20,"6,520",
sh600020,2021_03_05_10:36:06,3.25,--,2,650,
sh600020,2021_03_05_10:35:21,3.25,--,3,975,
sh600020,2021_03_05_10:35:12,3.25,--,1,325,
sh600020,2021_03_05_10:34:27,3.25,-0.01,1,325,
sh600020,2021_03_05_10:34:12,3.26,--,3,978,
sh600020,2021_03_05_10:34:03,3.26,--,77,"25,102",
sh600020,2021_03_05_10:33:33,3.26,3.26,14,"4,564",
sh600020,2021_03_05_11:00:03,3.26,--,2,652,
sh600020,2021_03_05_10:59:51,3.26,--,1,326,
sh600020,2021_03_05_10:59:30,3.26,--,2,652,
sh600020,2021_03_05_10:58:36,3.26,--,5,"1,630",
sh600020,2021_03_05_10:58:24,3.26,--,30,"9,780",
sh600020,2021_03_05_10:56:48,3.26,--,3,978,
sh600020,2021_03_05_10:56:39,3.26,--,1,326,
sh600020,2021_03_05_10:56:30,3.26,--,2,652,
sh600020,2021_03_05_10:56:27,3.26,--,3,978,
sh600020,2021_03_05_10:56:21,3.26,--,21,"6,846",
sh600020,2021_03_05_10:56:12,3.26,--,1,326,
sh600020,2021_03_05_10:56:09,3.26,--,4,"1,304",
sh600020,2021_03_05_10:56:00,3.26,--,2,652,
sh600020,2021_03_05_10:55:57,3.26,-0.01,68,"22,168",
sh600020,2021_03_05_10:54:24,3.27,--,6,"1,962",
sh600020,2021_03_05_10:54:09,3.27,0.01,5,"1,635",
sh600020,2021_03_05_10:53:24,3.26,--,1,326,
sh600020,2021_03_05_10:53:15,3.26,--,3,978,
sh600020,2021_03_05_10:53:06,3.26,--,0,0,
sh600020,2021_03_05_10:53:00,3.26,-0.01,1,326,
sh600020,2021_03_05_10:52:54,3.27,0.01,3,981,
sh600020,2021_03_05_10:52:48,3.26,0.01,1,326,
sh600020,2021_03_05_10:52:45,3.25,--,91,"29,575",
sh600020,2021_03_05_10:52:39,3.25,-0.01,1,325,
sh600020,2021_03_05_10:52:24,3.26,--,1,326,
sh600020,2021_03_05_10:52:12,3.26,--,7,"2,282",
sh600020,2021_03_05_10:52:03,3.26,--,35,"11,410",
sh600020,2021_03_05_10:51:45,3.26,--,62,"20,212",
sh600020,2021_03_05_10:51:06,3.26,--,1,326,
sh600020,2021_03_05_10:49:21,3.26,--,0,0,
sh600020,2021_03_05_10:48:54,3.26,-0.01,10,"3,260",
sh600020,2021_03_05_10:48:51,3.27,--,0,0,
sh600020,2021_03_05_10:48:24,3.27,--,2,654,
sh600020,2021_03_05_10:48:15,3.27,0.02,4,"1,308",
sh600020,2021_03_05_10:48:12,3.25,--,0,0,
sh600020,2021_03_05_10:48:09,3.25,--,0,0,
sh600020,2021_03_05_10:48:06,3.25,--,2,650,
sh600020,2021_03_05_10:48:03,3.25,-0.01,83,"26,975",
sh600020,2021_03_05_10:47:54,3.26,--,2,652,
sh600020,2021_03_05_10:47:51,3.26,--,200,"65,200",
sh600020,2021_03_05_10:47:39,3.26,--,1,326,
sh600020,2021_03_05_10:47:12,3.26,-0.01,2,652,
sh600020,2021_03_05_10:47:06,3.27,--,0,0,
sh600020,2021_03_05_10:46:42,3.27,3.27,33,"10,791",
sh600020,2021_03_05_11:13:51,3.27,0.02,52,"17,004",
sh600020,2021_03_05_11:13:48,3.25,-0.01,783,"254,475",
sh600020,2021_03_05_11:13:15,3.26,--,1,326,
sh600020,2021_03_05_11:13:12,3.26,--,2,652,
sh600020,2021_03_05_11:13:09,3.26,--,1,326,
sh600020,2021_03_05_11:13:06,3.26,--,3,978,
sh600020,2021_03_05_11:13:03,3.26,--,34,"11,084",
sh600020,2021_03_05_11:12:54,3.26,--,21,"6,846",
sh600020,2021_03_05_11:12:51,3.26,--,2,652,
sh600020,2021_03_05_11:12:30,3.26,--,1,326,
sh600020,2021_03_05_11:12:21,3.26,--,2,652,
sh600020,2021_03_05_11:12:12,3.26,--,1,326,
sh600020,2021_03_05_11:12:03,3.26,--,5,"1,630",
sh600020,2021_03_05_11:12:00,3.26,-0.01,1,326,
sh600020,2021_03_05_11:11:57,3.27,0.01,64,"20,928",
sh600020,2021_03_05_11:11:51,3.26,-0.01,968,"315,568",
sh600020,2021_03_05_11:11:27,3.27,0.01,1,327,
sh600020,2021_03_05_11:10:57,3.26,-0.01,1,326,
sh600020,2021_03_05_11:10:54,3.27,--,2,654,
sh600020,2021_03_05_11:10:51,3.27,0.01,2,654,
sh600020,2021_03_05_11:09:12,3.26,--,3,978,
sh600020,2021_03_05_11:08:51,3.26,--,1,326,
sh600020,2021_03_05_11:08:30,3.26,-0.01,2,652,
sh600020,2021_03_05_11:08:03,3.27,0.01,1,327,
sh600020,2021_03_05_11:07:54,3.26,--,2,652,
sh600020,2021_03_05_11:07:51,3.26,-0.01,2,652,
sh600020,2021_03_05_11:06:57,3.27,0.01,2,654,
sh600020,2021_03_05_11:06:30,3.26,--,1,326,
sh600020,2021_03_05_11:06:24,3.26,--,2,652,
sh600020,2021_03_05_11:06:03,3.26,-0.01,21,"6,846",
sh600020,2021_03_05_11:05:33,3.27,--,4,"1,308",
sh600020,2021_03_05_11:05:30,3.27,0.01,100,"32,700",
sh600020,2021_03_05_11:05:18,3.26,--,2,652,
sh600020,2021_03_05_11:05:03,3.26,--,1,326,
sh600020,2021_03_05_11:05:00,3.26,--,12,"3,912",
sh600020,2021_03_05_11:04:09,3.26,--,1,326,
sh600020,2021_03_05_11:04:03,3.26,--,3,978,
sh600020,2021_03_05_11:03:57,3.26,--,1,326,
sh600020,2021_03_05_11:03:51,3.26,--,1,326,
sh600020,2021_03_05_11:03:48,3.26,--,2,652,
sh600020,2021_03_05_11:03:36,3.26,--,2,652,
sh600020,2021_03_05_11:03:24,3.26,--,2,652,
sh600020,2021_03_05_11:03:06,3.26,--,2,652,
sh600020,2021_03_05_11:03:03,3.26,--,12,"3,912",
sh600020,2021_03_05_11:02:03,3.26,--,201,"65,526",
sh600020,2021_03_05_11:01:51,3.26,--,2,652,
sh600020,2021_03_05_11:01:45,3.26,--,1,326,
sh600020,2021_03_05_11:01:00,3.26,3.26,1,326,
sh600020,2021_03_05_11:25:51,3.27,--,20,"6,540",
sh600020,2021_03_05_11:25:45,3.27,0.01,20,"6,540",
sh600020,2021_03_05_11:25:27,3.26,0.01,325,"105,950",
sh600020,2021_03_05_11:25:03,3.25,--,2,650,
sh600020,2021_03_05_11:24:54,3.25,-0.01,1,325,
sh600020,2021_03_05_11:23:21,3.26,0.01,1,326,
sh600020,2021_03_05_11:23:15,3.25,-0.01,11,"3,575",
sh600020,2021_03_05_11:23:03,3.26,--,1,326,
sh600020,2021_03_05_11:21:57,3.26,--,1,326,
sh600020,2021_03_05_11:21:51,3.26,--,10,"3,260",
sh600020,2021_03_05_11:21:12,3.26,--,1,326,
sh600020,2021_03_05_11:20:00,3.26,--,1,326,
sh600020,2021_03_05_11:19:48,3.26,--,7,"2,282",
sh600020,2021_03_05_11:19:39,3.26,0.01,100,"32,600",
sh600020,2021_03_05_11:19:03,3.25,-0.01,2,650,
sh600020,2021_03_05_11:18:18,3.26,--,1,326,
sh600020,2021_03_05_11:18:15,3.26,--,10,"3,260",
sh600020,2021_03_05_11:16:51,3.26,--,0,0,
sh600020,2021_03_05_11:16:42,3.26,-0.01,8,"2,608",
sh600020,2021_03_05_11:16:27,3.27,--,3,981,
sh600020,2021_03_05_11:16:24,3.27,0.01,26,"8,502",
sh600020,2021_03_05_11:16:12,3.26,-0.01,1,326,
sh600020,2021_03_05_11:16:06,3.27,0.02,16,"5,232",
sh600020,2021_03_05_11:16:00,3.25,--,0,0,
sh600020,2021_03_05_11:15:51,3.25,-0.01,258,"83,850",
sh600020,2021_03_05_11:15:42,3.26,--,1,326,
sh600020,2021_03_05_11:15:30,3.26,0.01,25,"8,150",
sh600020,2021_03_05_11:14:48,3.25,-0.01,1,345,
sh600020,2021_03_05_11:14:21,3.26,-0.01,1,326,
sh600020,2021_03_05_11:14:18,3.27,--,0,0,
sh600020,2021_03_05_11:14:09,3.27,0.02,4,"1,308",
sh600020,2021_03_05_11:14:06,3.25,--,0,0,
sh600020,2021_03_05_11:14:03,3.25,3.25,1,325,
sh600020,2021_03_05_13:10:13,3.26,-0.01,20,"6,520",
sh600020,2021_03_05_13:10:04,3.27,--,3,981,
sh600020,2021_03_05_13:09:22,3.27,0.01,3,981,
sh600020,2021_03_05_13:09:19,3.26,--,108,"35,208",
sh600020,2021_03_05_13:09:01,3.26,-0.01,1,326,
sh600020,2021_03_05_13:08:34,3.27,0.01,2,654,
sh600020,2021_03_05_13:08:10,3.26,--,2,652,
sh600020,2021_03_05_13:08:07,3.26,-0.01,1,326,
sh600020,2021_03_05_13:07:43,3.27,0.01,12,"3,924",
sh600020,2021_03_05_13:07:31,3.26,--,300,"97,800",
sh600020,2021_03_05_13:07:28,3.26,--,2,652,
sh600020,2021_03_05_13:07:25,3.26,--,1,326,
sh600020,2021_03_05_13:06:58,3.26,--,1,326,
sh600020,2021_03_05_13:06:43,3.26,--,3,978,
sh600020,2021_03_05_13:06:37,3.26,--,1,326,
sh600020,2021_03_05_13:06:31,3.26,--,1,326,
sh600020,2021_03_05_13:05:16,3.26,-0.01,2,652,
sh600020,2021_03_05_13:04:16,3.27,0.01,1,327,
sh600020,2021_03_05_13:04:13,3.26,--,19,"6,194",
sh600020,2021_03_05_13:04:07,3.26,--,1,326,
sh600020,2021_03_05_13:03:25,3.26,-0.01,2,652,
sh600020,2021_03_05_13:03:13,3.27,--,1,327,
sh600020,2021_03_05_13:03:04,3.27,0.01,3,981,
sh600020,2021_03_05_13:03:01,3.26,--,3,978,
sh600020,2021_03_05_13:02:58,3.26,-0.01,85,"27,710",
sh600020,2021_03_05_13:02:19,3.27,0.01,2,654,
sh600020,2021_03_05_13:02:13,3.26,--,1,326,
sh600020,2021_03_05_13:01:34,3.26,--,2,652,
sh600020,2021_03_05_13:01:07,3.26,--,1,326,
sh600020,2021_03_05_13:01:04,3.26,-0.01,1,326,
sh600020,2021_03_05_13:00:22,3.27,--,2,654,
sh600020,2021_03_05_13:00:19,3.27,--,492,"160,884",
sh600020,2021_03_05_13:00:10,3.27,0.01,2,654,
sh600020,2021_03_05_13:00:07,3.26,-0.01,2,652,
sh600020,2021_03_05_13:00:04,3.27,--,619,"202,413",
sh600020,2021_03_05_13:00:01,3.27,--,46,"15,042",
sh600020,2021_03_05_11:29:51,3.27,--,1,327,
sh600020,2021_03_05_11:29:42,3.27,--,2,654,
sh600020,2021_03_05_11:29:39,3.27,0.01,203,"66,381",
sh600020,2021_03_05_11:29:36,3.26,--,1,326,
sh600020,2021_03_05_11:28:36,3.26,--,8,"2,608",
sh600020,2021_03_05_11:28:27,3.26,3.26,1,326,
sh600020,2021_03_05_13:24:31,3.26,--,88,"28,688",
sh600020,2021_03_05_13:23:55,3.26,--,7,"2,282",
sh600020,2021_03_05_13:23:01,3.26,-0.01,1,326,
sh600020,2021_03_05_13:22:55,3.27,--,4,"1,308",
sh600020,2021_03_05_13:22:43,3.27,--,3,981,
sh600020,2021_03_05_13:22:40,3.27,0.01,4,"1,308",
sh600020,2021_03_05_13:22:34,3.26,--,1,326,
sh600020,2021_03_05_13:22:19,3.26,--,2,652,
sh600020,2021_03_05_13:21:28,3.26,-0.01,1,326,
sh600020,2021_03_05_13:21:25,3.27,0.01,52,"17,004",
sh600020,2021_03_05_13:20:31,3.26,--,2,652,
sh600020,2021_03_05_13:20:25,3.26,--,1,326,
sh600020,2021_03_05_13:20:22,3.26,--,1,326,
sh600020,2021_03_05_13:20:19,3.26,-0.01,1,326,
sh600020,2021_03_05_13:20:16,3.27,0.01,11,"3,597",
sh600020,2021_03_05_13:18:46,3.26,--,2,652,
sh600020,2021_03_05_13:18:04,3.26,-0.01,1,326,
sh600020,2021_03_05_13:17:52,3.27,0.01,3,981,
sh600020,2021_03_05_13:17:46,3.26,--,1,326,
sh600020,2021_03_05_13:17:25,3.26,--,1,326,
sh600020,2021_03_05_13:17:01,3.26,-0.01,2,652,
sh600020,2021_03_05_13:16:49,3.27,0.01,105,"34,335",
sh600020,2021_03_05_13:16:13,3.26,-0.01,19,"6,194",
sh600020,2021_03_05_13:15:46,3.27,0.01,6,"1,962",
sh600020,2021_03_05_13:15:37,3.26,--,1,326,
sh600020,2021_03_05_13:15:34,3.26,--,20,"6,520",
sh600020,2021_03_05_13:15:28,3.26,--,11,"3,586",
sh600020,2021_03_05_13:15:22,3.26,--,2,652,
sh600020,2021_03_05_13:15:16,3.26,-0.01,4,"1,304",
sh600020,2021_03_05_13:15:13,3.27,0.01,103,"33,681",
sh600020,2021_03_05_13:13:04,3.26,-0.01,1,326,
sh600020,2021_03_05_13:13:01,3.27,0.01,3,981,
sh600020,2021_03_05_13:12:58,3.26,--,1,326,
sh600020,2021_03_05_13:12:55,3.26,--,2,652,
sh600020,2021_03_05_13:12:10,3.26,--,1,326,
sh600020,2021_03_05_13:11:58,3.26,-0.01,2,652,
sh600020,2021_03_05_13:11:34,3.27,0.01,9,"2,943",
sh600020,2021_03_05_13:11:19,3.26,3.26,211,"68,786",
sh600020,2021_03_05_13:38:13,3.27,--,23,"7,521",
sh600020,2021_03_05_13:38:04,3.27,0.01,51,"16,677",
sh600020,2021_03_05_13:37:49,3.26,--,2000,"652,000",
sh600020,2021_03_05_13:37:28,3.26,-0.01,2,652,
sh600020,2021_03_05_13:37:10,3.27,0.01,2,654,
sh600020,2021_03_05_13:37:07,3.26,--,100,"32,600",
sh600020,2021_03_05_13:36:37,3.26,--,1,326,
sh600020,2021_03_05_13:36:28,3.26,--,1,326,
sh600020,2021_03_05_13:35:58,3.26,--,1,326,
sh600020,2021_03_05_13:35:46,3.26,--,2,652,
sh600020,2021_03_05_13:34:13,3.26,--,22,"7,172",
sh600020,2021_03_05_13:34:04,3.26,--,1,326,
sh600020,2021_03_05_13:33:58,3.26,--,1,326,
sh600020,2021_03_05_13:32:52,3.26,--,40,"13,040",
sh600020,2021_03_05_13:32:22,3.26,--,2,652,
sh600020,2021_03_05_13:32:19,3.26,--,1,326,
sh600020,2021_03_05_13:31:55,3.26,-0.01,1,326,
sh600020,2021_03_05_13:31:49,3.27,--,2,654,
sh600020,2021_03_05_13:31:28,3.27,0.01,20,"6,540",
sh600020,2021_03_05_13:31:16,3.26,-0.01,1,326,
sh600020,2021_03_05_13:30:52,3.27,0.01,7,"2,289",
sh600020,2021_03_05_13:30:49,3.26,-0.01,2,652,
sh600020,2021_03_05_13:30:01,3.27,0.01,1,327,
sh600020,2021_03_05_13:29:31,3.26,-0.01,1,326,
sh600020,2021_03_05_13:29:01,3.27,0.01,58,"18,966",
sh600020,2021_03_05_13:28:40,3.26,--,1,326,
sh600020,2021_03_05_13:28:28,3.26,-0.01,1,326,
sh600020,2021_03_05_13:28:13,3.27,--,18,"5,886",
sh600020,2021_03_05_13:27:52,3.27,0.01,79,"25,833",
sh600020,2021_03_05_13:27:22,3.26,--,2,652,
sh600020,2021_03_05_13:27:10,3.26,-0.01,1,326,
sh600020,2021_03_05_13:26:40,3.27,--,2,654,
sh600020,2021_03_05_13:25:52,3.27,0.01,3,981,
sh600020,2021_03_05_13:25:34,3.26,--,15,"4,890",
sh600020,2021_03_05_13:25:28,3.26,--,2,652,
sh600020,2021_03_05_13:25:07,3.26,--,1,326,
sh600020,2021_03_05_13:24:49,3.26,3.26,1,326,
sh600020,2021_03_05_13:51:40,3.27,--,50,"16,350",
sh600020,2021_03_05_13:51:28,3.27,0.01,5,"1,635",
sh600020,2021_03_05_13:51:19,3.26,-0.01,2,652,
sh600020,2021_03_05_13:51:07,3.27,0.01,15,"4,905",
sh600020,2021_03_05_13:50:58,3.26,-0.01,3,978,
sh600020,2021_03_05_13:50:55,3.27,0.01,2,654,
sh600020,2021_03_05_13:50:49,3.26,--,1,326,
sh600020,2021_03_05_13:50:43,3.26,--,100,"32,600",
sh600020,2021_03_05_13:50:25,3.26,--,10,"3,260",
sh600020,2021_03_05_13:50:19,3.26,--,1,326,
sh600020,2021_03_05_13:50:16,3.26,--,1,326,
sh600020,2021_03_05_13:50:04,3.26,--,1,326,
sh600020,2021_03_05_13:49:28,3.26,-0.01,2,652,
sh600020,2021_03_05_13:49:01,3.27,--,5,"1,635",
sh600020,2021_03_05_13:48:58,3.27,--,11,"3,597",
sh600020,2021_03_05_13:48:55,3.27,--,1,327,
sh600020,2021_03_05_13:48:52,3.27,--,1,327,
sh600020,2021_03_05_13:48:49,3.27,--,1,327,
sh600020,2021_03_05_13:48:46,3.27,--,28,"9,156",
sh600020,2021_03_05_13:48:28,3.27,--,29,"9,483",
sh600020,2021_03_05_13:48:22,3.27,0.01,689,"225,303",
sh600020,2021_03_05_13:47:58,3.26,--,1,326,
sh600020,2021_03_05_13:47:46,3.26,--,2,652,
sh600020,2021_03_05_13:47:40,3.26,-0.01,1,326,
sh600020,2021_03_05_13:47:13,3.27,0.01,8,"2,616",
sh600020,2021_03_05_13:46:46,3.26,-0.01,100,"32,600",
sh600020,2021_03_05_13:46:19,3.27,0.01,4,"1,308",
sh600020,2021_03_05_13:46:13,3.26,-0.01,2,652,
sh600020,2021_03_05_13:46:04,3.27,--,2,654,
sh600020,2021_03_05_13:46:01,3.27,--,113,"36,951",
sh600020,2021_03_05_13:45:55,3.27,--,1,327,
sh600020,2021_03_05_13:45:49,3.27,0.01,30,"9,810",
sh600020,2021_03_05_13:45:46,3.26,--,103,"33,578",
sh600020,2021_03_05_13:45:43,3.26,-0.01,1,326,
sh600020,2021_03_05_13:45:31,3.27,--,30,"9,810",
sh600020,2021_03_05_13:45:28,3.27,--,31,"10,137",
sh600020,2021_03_05_13:45:25,3.27,0.01,1,327,
sh600020,2021_03_05_13:45:04,3.26,--,220,"71,720",
sh600020,2021_03_05_13:44:52,3.26,--,1,326,
sh600020,2021_03_05_13:44:40,3.26,-0.01,1,326,
sh600020,2021_03_05_13:44:31,3.27,0.01,2,654,
sh600020,2021_03_05_13:44:28,3.26,--,2,652,
sh600020,2021_03_05_13:43:28,3.26,-0.01,1,326,
sh600020,2021_03_05_13:43:25,3.27,--,2,654,
sh600020,2021_03_05_13:43:19,3.27,--,1,327,
sh600020,2021_03_05_13:43:07,3.27,--,4,"1,308",
sh600020,2021_03_05_13:43:04,3.27,0.01,4,"1,308",
sh600020,2021_03_05_13:42:43,3.26,--,2,652,
sh600020,2021_03_05_13:42:40,3.26,--,24,"7,824",
sh600020,2021_03_05_13:42:16,3.26,--,20,"6,520",
sh600020,2021_03_05_13:42:10,3.26,--,1,326,
sh600020,2021_03_05_13:41:01,3.26,--,1,326,
sh600020,2021_03_05_13:40:55,3.26,-0.01,2,652,
sh600020,2021_03_05_13:40:52,3.27,--,1,327,
sh600020,2021_03_05_13:40:46,3.27,--,15,"4,905",
sh600020,2021_03_05_13:40:43,3.27,--,1,327,
sh600020,2021_03_05_13:40:40,3.27,--,1,327,
sh600020,2021_03_05_13:40:37,3.27,--,1,327,
sh600020,2021_03_05_13:40:34,3.27,--,3,981,
sh600020,2021_03_05_13:40:31,3.27,--,2,654,
sh600020,2021_03_05_13:40:28,3.27,--,2,654,
sh600020,2021_03_05_13:40:25,3.27,0.01,23,"7,521",
sh600020,2021_03_05_13:39:43,3.26,--,1,326,
sh600020,2021_03_05_13:39:31,3.26,--,1,326,
sh600020,2021_03_05_13:39:22,3.26,--,2,652,
sh600020,2021_03_05_13:39:13,3.26,-0.01,100,"32,600",
sh600020,2021_03_05_13:38:55,3.27,--,2,654,
sh600020,2021_03_05_13:38:52,3.27,0.01,2,654,
sh600020,2021_03_05_13:38:40,3.26,3.26,1,326,
sh600020,2021_03_05_14:05:16,3.27,-0.01,30,"9,810",
sh600020,2021_03_05_14:05:07,3.28,0.01,35,"11,480",
sh600020,2021_03_05_14:04:34,3.27,-0.01,1,343,
sh600020,2021_03_05_14:04:07,3.28,--,120,"39,360",
sh600020,2021_03_05_14:04:04,3.28,-0.01,14,"4,592",
sh600020,2021_03_05_14:04:01,3.29,--,20,"6,580",
sh600020,2021_03_05_14:03:49,3.29,0.01,2,658,
sh600020,2021_03_05_14:03:31,3.28,-0.01,6,"1,968",
sh600020,2021_03_05_14:03:25,3.29,0.01,65,"21,385",
sh600020,2021_03_05_14:02:58,3.28,--,1,328,
sh600020,2021_03_05_14:02:55,3.28,--,30,"9,840",
sh600020,2021_03_05_14:02:37,3.28,--,1,328,
sh600020,2021_03_05_14:02:22,3.28,--,22,"7,216",
sh600020,2021_03_05_14:02:19,3.28,--,78,"25,584",
sh600020,2021_03_05_14:01:37,3.28,--,64,"20,992",
sh600020,2021_03_05_14:01:34,3.28,--,6,"1,968",
sh600020,2021_03_05_14:01:22,3.28,--,6,"1,968",
sh600020,2021_03_05_14:01:19,3.28,--,1,328,
sh600020,2021_03_05_14:01:16,3.28,--,17,"5,576",
sh600020,2021_03_05_14:01:13,3.28,--,4,"1,312",
sh600020,2021_03_05_14:01:04,3.28,--,5,"1,640",
sh600020,2021_03_05_14:00:58,3.28,--,6,"1,968",
sh600020,2021_03_05_14:00:55,3.28,--,12,"3,936",
sh600020,2021_03_05_14:00:31,3.28,0.01,2,656,
sh600020,2021_03_05_14:00:04,3.27,-0.01,1,327,
sh600020,2021_03_05_14:00:01,3.28,--,200,"65,600",
sh600020,2021_03_05_13:59:43,3.28,--,4,"1,312",
sh600020,2021_03_05_13:59:28,3.28,--,1,328,
sh600020,2021_03_05_13:59:25,3.28,--,0,0,
sh600020,2021_03_05_13:59:19,3.28,--,2,656,
sh600020,2021_03_05_13:59:16,3.28,--,2,656,
sh600020,2021_03_05_13:59:13,3.28,--,0,0,
sh600020,2021_03_05_13:59:10,3.28,--,161,"52,808",
sh600020,2021_03_05_13:58:31,3.28,--,59,"19,352",
sh600020,2021_03_05_13:58:25,3.28,--,3,984,
sh600020,2021_03_05_13:58:22,3.28,--,50,"16,400",
sh600020,2021_03_05_13:58:19,3.28,--,7,"2,296",
sh600020,2021_03_05_13:58:16,3.28,--,19,"6,232",
sh600020,2021_03_05_13:58:13,3.28,--,32,"10,496",
sh600020,2021_03_05_13:58:10,3.28,-0.01,5,"1,640",
sh600020,2021_03_05_13:58:04,3.29,0.01,135,"44,415",
sh600020,2021_03_05_13:58:01,3.28,--,2,656,
sh600020,2021_03_05_13:57:58,3.28,--,30,"9,840",
sh600020,2021_03_05_13:57:55,3.28,--,218,"71,504",
sh600020,2021_03_05_13:57:52,3.28,--,22,"7,216",
sh600020,2021_03_05_13:57:49,3.28,-0.01,31,"10,168",
sh600020,2021_03_05_13:57:46,3.29,0.01,626,"205,954",
sh600020,2021_03_05_13:57:43,3.28,--,2480,"813,440",
sh600020,2021_03_05_13:57:40,3.28,0.01,834,"273,552",
sh600020,2021_03_05_13:57:37,3.27,--,4196,"1,372,311",
sh600020,2021_03_05_13:57:19,3.27,0.01,4,"1,308",
sh600020,2021_03_05_13:57:16,3.26,-0.01,1,326,
sh600020,2021_03_05_13:56:58,3.27,--,3,981,
sh600020,2021_03_05_13:56:55,3.27,--,32,"10,464",
sh600020,2021_03_05_13:56:52,3.27,--,657,"214,839",
sh600020,2021_03_05_13:56:46,3.27,--,107,"34,989",
sh600020,2021_03_05_13:56:43,3.27,0.01,2,654,
sh600020,2021_03_05_13:56:22,3.26,-0.01,2,652,
sh600020,2021_03_05_13:56:16,3.27,--,15,"4,905",
sh600020,2021_03_05_13:56:13,3.27,0.01,27,"8,829",
sh600020,2021_03_05_13:55:58,3.26,--,10,"3,260",
sh600020,2021_03_05_13:55:43,3.26,--,1,326,
sh600020,2021_03_05_13:54:52,3.26,--,1,326,
sh600020,2021_03_05_13:54:37,3.26,--,2,652,
sh600020,2021_03_05_13:54:22,3.26,-0.01,1,326,
sh600020,2021_03_05_13:53:46,3.27,--,10,"3,270",
sh600020,2021_03_05_13:53:13,3.27,--,2,654,
sh600020,2021_03_05_13:53:10,3.27,0.01,75,"24,525",
sh600020,2021_03_05_13:53:07,3.26,--,1,326,
sh600020,2021_03_05_13:52:49,3.26,--,2,652,
sh600020,2021_03_05_13:52:43,3.26,-0.01,1,326,
sh600020,2021_03_05_13:52:25,3.27,--,27,"8,829",
sh600020,2021_03_05_13:52:22,3.27,--,65,"21,255",
sh600020,2021_03_05_13:52:19,3.27,0.01,13,"4,251",
sh600020,2021_03_05_13:52:13,3.26,3.26,29,"9,454",
sh600020,2021_03_05_14:18:10,3.27,-0.01,1,327,
sh600020,2021_03_05_14:17:49,3.28,0.01,5,"1,640",
sh600020,2021_03_05_14:17:34,3.27,--,1,327,
sh600020,2021_03_05_14:17:28,3.27,-0.01,10,"3,270",
sh600020,2021_03_05_14:17:16,3.28,--,4,"1,312",
sh600020,2021_03_05_14:16:46,3.28,--,3,984,
sh600020,2021_03_05_14:16:22,3.28,0.01,3,984,
sh600020,2021_03_05_14:16:13,3.27,-0.01,10,"3,270",
sh600020,2021_03_05_14:16:04,3.28,--,2,656,
sh600020,2021_03_05_14:15:55,3.28,--,2,656,
sh600020,2021_03_05_14:15:46,3.28,--,2,656,
sh600020,2021_03_05_14:15:28,3.28,--,16,"5,248",
sh600020,2021_03_05_14:15:25,3.28,--,7,"2,296",
sh600020,2021_03_05_14:15:22,3.28,--,1,328,
sh600020,2021_03_05_14:15:19,3.28,--,1,328,
sh600020,2021_03_05_14:15:16,3.28,--,1,328,
sh600020,2021_03_05_14:15:04,3.28,--,6,"1,968",
sh600020,2021_03_05_14:14:49,3.28,--,26,"8,528",
sh600020,2021_03_05_14:14:25,3.28,--,10,"3,280",
sh600020,2021_03_05_14:14:16,3.28,--,2,656,
sh600020,2021_03_05_14:14:01,3.28,--,37,"12,136",
sh600020,2021_03_05_14:13:58,3.28,--,63,"20,664",
sh600020,2021_03_05_14:13:46,3.28,--,30,"9,840",
sh600020,2021_03_05_14:13:40,3.28,--,97,"31,816",
sh600020,2021_03_05_14:13:37,3.28,-0.01,1,328,
sh600020,2021_03_05_14:13:28,3.29,0.01,5,"1,645",
sh600020,2021_03_05_14:13:13,3.28,--,153,"50,184",
sh600020,2021_03_05_14:13:10,3.28,--,7,"2,296",
sh600020,2021_03_05_14:13:07,3.28,--,43,"14,104",
sh600020,2021_03_05_14:13:04,3.28,--,20,"6,560",
sh600020,2021_03_05_14:12:37,3.28,-0.01,15,"4,920",
sh600020,2021_03_05_14:12:19,3.29,0.01,8,"2,632",
sh600020,2021_03_05_14:12:16,3.28,--,177,"58,056",
sh600020,2021_03_05_14:12:13,3.28,--,5,"1,640",
sh600020,2021_03_05_14:12:10,3.28,--,53,"17,384",
sh600020,2021_03_05_14:12:07,3.28,0.01,27,"8,856",
sh600020,2021_03_05_14:11:58,3.27,-0.01,1,327,
sh600020,2021_03_05_14:11:31,3.28,--,20,"6,560",
sh600020,2021_03_05_14:11:19,3.28,--,5,"1,640",
sh600020,2021_03_05_14:11:07,3.28,--,2,656,
sh600020,2021_03_05_14:11:04,3.28,--,79,"25,912",
sh600020,2021_03_05_14:10:58,3.28,--,8,"2,624",
sh600020,2021_03_05_14:10:46,3.28,--,11,"3,608",
sh600020,2021_03_05_14:10:43,3.28,--,1,328,
sh600020,2021_03_05_14:10:37,3.28,--,1,328,
sh600020,2021_03_05_14:10:34,3.28,--,1,328,
sh600020,2021_03_05_14:10:31,3.28,--,47,"15,416",
sh600020,2021_03_05_14:10:28,3.28,--,7,"2,296",
sh600020,2021_03_05_14:10:25,3.28,--,1,328,
sh600020,2021_03_05_14:10:22,3.28,--,1,328,
sh600020,2021_03_05_14:10:13,3.28,--,1,328,
sh600020,2021_03_05_14:10:10,3.28,--,1,328,
sh600020,2021_03_05_14:10:07,3.28,--,8,"2,624",
sh600020,2021_03_05_14:10:04,3.28,--,1,328,
sh600020,2021_03_05_14:10:01,3.28,--,2,656,
sh600020,2021_03_05_14:09:58,3.28,--,11,"3,608",
sh600020,2021_03_05_14:09:55,3.28,-0.01,4,"1,312",
sh600020,2021_03_05_14:09:52,3.29,0.01,4,"1,316",
sh600020,2021_03_05_14:09:49,3.28,--,2,656,
sh600020,2021_03_05_14:09:46,3.28,--,3,984,
sh600020,2021_03_05_14:09:40,3.28,--,3,984,
sh600020,2021_03_05_14:09:37,3.28,--,7,"2,296",
sh600020,2021_03_05_14:09:34,3.28,--,6,"1,968",
sh600020,2021_03_05_14:09:31,3.28,--,0,0,
sh600020,2021_03_05_14:09:28,3.28,--,12,"3,936",
sh600020,2021_03_05_14:09:25,3.28,--,11,"3,608",
sh600020,2021_03_05_14:09:22,3.28,--,30,"9,840",
sh600020,2021_03_05_14:09:19,3.28,--,329,"107,912",
sh600020,2021_03_05_14:08:40,3.28,--,10,"3,280",
sh600020,2021_03_05_14:08:25,3.28,--,10,"3,280",
sh600020,2021_03_05_14:08:16,3.28,--,80,"26,240",
sh600020,2021_03_05_14:07:34,3.28,0.01,8,"2,624",
sh600020,2021_03_05_14:06:55,3.27,-0.01,1,327,
sh600020,2021_03_05_14:06:37,3.28,--,26,"8,528",
sh600020,2021_03_05_14:06:28,3.28,3.28,3,984,
sh600020,2021_03_05_14:32:19,3.28,--,28,"9,184",
sh600020,2021_03_05_14:32:10,3.28,0.01,55,"18,040",
sh600020,2021_03_05_14:32:04,3.27,-0.01,13,"4,251",
sh600020,2021_03_05_14:32:01,3.28,--,4,"1,312",
sh600020,2021_03_05_14:31:58,3.28,0.02,74,"24,272",
sh600020,2021_03_05_14:31:55,3.26,-0.01,1500,"489,000",
sh600020,2021_03_05_14:31:46,3.27,--,1,327,
sh600020,2021_03_05_14:31:34,3.27,-0.01,1,327,
sh600020,2021_03_05_14:31:28,3.28,--,24,"7,872",
sh600020,2021_03_05_14:31:07,3.28,0.01,22,"7,216",
sh600020,2021_03_05_14:30:58,3.27,-0.01,39,"12,753",
sh600020,2021_03_05_14:30:34,3.28,--,2,656,
sh600020,2021_03_05_14:30:04,3.28,0.01,5,"1,640",
sh600020,2021_03_05_14:29:58,3.27,--,6,"1,962",
sh600020,2021_03_05_14:29:55,3.27,--,156,"51,012",
sh600020,2021_03_05_14:29:13,3.27,--,1,327,
sh600020,2021_03_05_14:29:04,3.27,--,4,"1,308",
sh600020,2021_03_05_14:28:55,3.27,-0.01,2,654,
sh600020,2021_03_05_14:28:34,3.28,0.01,1,328,
sh600020,2021_03_05_14:28:31,3.27,--,1,327,
sh600020,2021_03_05_14:28:13,3.27,--,1,327,
sh600020,2021_03_05_14:27:40,3.27,--,2,654,
sh600020,2021_03_05_14:27:37,3.27,-0.01,1,327,
sh600020,2021_03_05_14:27:34,3.28,0.01,26,"8,528",
sh600020,2021_03_05_14:26:46,3.27,-0.01,1,327,
sh600020,2021_03_05_14:26:37,3.28,--,7,"2,296",
sh600020,2021_03_05_14:26:22,3.28,0.01,16,"5,248",
sh600020,2021_03_05_14:26:13,3.27,--,1,327,
sh600020,2021_03_05_14:25:46,3.27,--,1,327,
sh600020,2021_03_05_14:25:34,3.27,--,1,327,
sh600020,2021_03_05_14:25:31,3.27,-0.01,100,"32,700",
sh600020,2021_03_05_14:25:13,3.28,0.01,40,"13,120",
sh600020,2021_03_05_14:24:52,3.27,-0.01,1,327,
sh600020,2021_03_05_14:24:13,3.28,0.01,52,"17,056",
sh600020,2021_03_05_14:24:10,3.27,-0.01,1,327,
sh600020,2021_03_05_14:24:04,3.28,0.01,26,"8,528",
sh600020,2021_03_05_14:24:01,3.27,-0.01,1,327,
sh600020,2021_03_05_14:23:55,3.28,--,1018,"333,904",
sh600020,2021_03_05_14:23:52,3.28,--,4,"1,312",
sh600020,2021_03_05_14:23:43,3.28,--,6,"1,968",
sh600020,2021_03_05_14:23:34,3.28,0.01,4,"1,312",
sh600020,2021_03_05_14:23:31,3.27,-0.01,3,981,
sh600020,2021_03_05_14:23:28,3.28,--,27,"8,856",
sh600020,2021_03_05_14:23:25,3.28,0.01,2,656,
sh600020,2021_03_05_14:23:04,3.27,-0.01,1,327,
sh600020,2021_03_05_14:22:10,3.28,0.01,7,"2,296",
sh600020,2021_03_05_14:22:07,3.27,--,1,327,
sh600020,2021_03_05_14:21:58,3.27,--,2,654,
sh600020,2021_03_05_14:21:34,3.27,--,2,654,
sh600020,2021_03_05_14:21:28,3.27,--,2,654,
sh600020,2021_03_05_14:21:22,3.27,-0.01,1,327,
sh600020,2021_03_05_14:20:28,3.28,0.01,30,"9,840",
sh600020,2021_03_05_14:20:19,3.27,--,2,654,
sh600020,2021_03_05_14:19:40,3.27,3.27,2,654,
sh600020,2021_03_05_14:46:19,3.27,-0.01,1,327,
sh600020,2021_03_05_14:45:49,3.28,--,1,328,
sh600020,2021_03_05_14:45:25,3.28,0.01,1,328,
sh600020,2021_03_05_14:45:01,3.27,-0.01,1,327,
sh600020,2021_03_05_14:44:52,3.28,0.01,1,328,
sh600020,2021_03_05_14:44:46,3.27,--,15,"4,905",
sh600020,2021_03_05_14:43:40,3.27,--,42,"13,734",
sh600020,2021_03_05_14:43:37,3.27,--,1,327,
sh600020,2021_03_05_14:43:34,3.27,-0.01,70,"22,890",
sh600020,2021_03_05_14:43:31,3.28,0.02,2,656,
sh600020,2021_03_05_14:43:28,3.26,-0.01,1,326,
sh600020,2021_03_05_14:43:16,3.27,--,3,981,
sh600020,2021_03_05_14:43:13,3.27,--,1,327,
sh600020,2021_03_05_14:43:10,3.27,--,4,"1,308",
sh600020,2021_03_05_14:43:07,3.27,--,7,"2,289",
sh600020,2021_03_05_14:43:04,3.27,--,1,327,
sh600020,2021_03_05_14:43:01,3.27,--,0,0,
sh600020,2021_03_05_14:42:58,3.27,--,17,"5,559",
sh600020,2021_03_05_14:42:55,3.27,--,22,"7,194",
sh600020,2021_03_05_14:42:52,3.27,--,160,"52,320",
sh600020,2021_03_05_14:42:49,3.27,--,24,"7,848",
sh600020,2021_03_05_14:42:25,3.27,--,0,0,
sh600020,2021_03_05_14:42:07,3.27,--,2,654,
sh600020,2021_03_05_14:42:04,3.27,--,0,0,
sh600020,2021_03_05_14:42:01,3.27,--,93,"30,411",
sh600020,2021_03_05_14:41:58,3.27,--,16,"5,232",
sh600020,2021_03_05_14:41:52,3.27,--,210,"68,670",
sh600020,2021_03_05_14:41:49,3.27,--,23,"7,521",
sh600020,2021_03_05_14:41:46,3.27,--,34,"11,118",
sh600020,2021_03_05_14:41:43,3.27,--,10,"3,270",
sh600020,2021_03_05_14:41:40,3.27,--,7,"2,289",
sh600020,2021_03_05_14:41:37,3.27,--,5,"1,635",
sh600020,2021_03_05_14:41:34,3.27,--,3,981,
sh600020,2021_03_05_14:41:31,3.27,--,11,"3,597",
sh600020,2021_03_05_14:41:28,3.27,--,23,"7,521",
sh600020,2021_03_05_14:41:22,3.27,--,7,"2,289",
sh600020,2021_03_05_14:41:10,3.27,--,8,"2,616",
sh600020,2021_03_05_14:40:52,3.27,--,4,"1,308",
sh600020,2021_03_05_14:40:49,3.27,--,1,327,
sh600020,2021_03_05_14:40:46,3.27,0.01,6,"1,962",
sh600020,2021_03_05_14:40:43,3.26,--,200,"65,200",
sh600020,2021_03_05_14:40:34,3.26,-0.01,1,326,
sh600020,2021_03_05_14:40:31,3.27,--,4,"1,308",
sh600020,2021_03_05_14:40:28,3.27,--,3,981,
sh600020,2021_03_05_14:40:22,3.27,--,2,654,
sh600020,2021_03_05_14:39:43,3.27,--,2,654,
sh600020,2021_03_05_14:39:40,3.27,--,11,"3,597",
sh600020,2021_03_05_14:39:37,3.27,--,1,327,
sh600020,2021_03_05_14:39:34,3.27,--,1,327,
sh600020,2021_03_05_14:39:16,3.27,--,3,981,
sh600020,2021_03_05_14:39:07,3.27,--,19,"6,213",
sh600020,2021_03_05_14:39:04,3.27,--,18,"5,886",
sh600020,2021_03_05_14:39:01,3.27,--,2,654,
sh600020,2021_03_05_14:38:58,3.27,0.01,4,"1,308",
sh600020,2021_03_05_14:38:22,3.26,-0.01,1,326,
sh600020,2021_03_05_14:38:19,3.27,--,1,327,
sh600020,2021_03_05_14:37:58,3.27,--,4,"1,308",
sh600020,2021_03_05_14:37:31,3.27,--,2,654,
sh600020,2021_03_05_14:37:13,3.27,--,3,981,
sh600020,2021_03_05_14:37:01,3.27,0.01,5,"1,635",
sh600020,2021_03_05_14:36:43,3.26,-0.01,1,326,
sh600020,2021_03_05_14:36:40,3.27,0.01,3,981,
sh600020,2021_03_05_14:36:31,3.26,-0.01,3,978,
sh600020,2021_03_05_14:36:22,3.27,--,3,981,
sh600020,2021_03_05_14:36:16,3.27,--,1,327,
sh600020,2021_03_05_14:36:13,3.27,--,2,654,
sh600020,2021_03_05_14:36:01,3.27,0.01,3,981,
sh600020,2021_03_05_14:35:55,3.26,-0.01,1,326,
sh600020,2021_03_05_14:35:52,3.27,--,2,654,
sh600020,2021_03_05_14:35:43,3.27,0.01,1,327,
sh600020,2021_03_05_14:35:40,3.26,-0.01,1,326,
sh600020,2021_03_05_14:35:37,3.27,--,10,"3,270",
sh600020,2021_03_05_14:35:34,3.27,--,1,327,
sh600020,2021_03_05_14:35:28,3.27,--,1,327,
sh600020,2021_03_05_14:35:25,3.27,--,3,981,
sh600020,2021_03_05_14:35:22,3.27,--,71,"23,217",
sh600020,2021_03_05_14:35:10,3.27,--,31,"10,137",
sh600020,2021_03_05_14:35:04,3.27,--,24,"7,848",
sh600020,2021_03_05_14:34:58,3.27,--,40,"13,080",
sh600020,2021_03_05_14:34:52,3.27,--,2,654,
sh600020,2021_03_05_14:34:46,3.27,--,1,327,
sh600020,2021_03_05_14:34:43,3.27,--,22,"7,194",
sh600020,2021_03_05_14:34:31,3.27,--,2,654,
sh600020,2021_03_05_14:34:22,3.27,--,3,981,
sh600020,2021_03_05_14:34:10,3.27,--,2,654,
sh600020,2021_03_05_14:34:04,3.27,--,1,327,
sh600020,2021_03_05_14:34:01,3.27,--,11,"3,597",
sh600020,2021_03_05_14:33:58,3.27,--,1,327,
sh600020,2021_03_05_14:33:55,3.27,--,1,327,
sh600020,2021_03_05_14:33:52,3.27,--,2,654,
sh600020,2021_03_05_14:33:49,3.27,--,21,"6,867",
sh600020,2021_03_05_14:33:46,3.27,--,5,"1,635",
sh600020,2021_03_05_14:33:43,3.27,--,8,"2,616",
sh600020,2021_03_05_14:33:40,3.27,--,314,"102,678",
sh600020,2021_03_05_14:33:37,3.27,--,57,"18,639",
sh600020,2021_03_05_14:33:34,3.27,-0.01,18,"5,886",
sh600020,2021_03_05_14:33:31,3.28,--,1,328,
sh600020,2021_03_05_14:33:28,3.28,--,1,328,
sh600020,2021_03_05_14:33:25,3.28,--,4,"1,312",
sh600020,2021_03_05_14:33:22,3.28,0.02,4,"1,312",
sh600020,2021_03_05_14:33:07,3.26,-0.01,104,"33,904",
sh600020,2021_03_05_14:33:01,3.27,3.27,1,327,
sh600020,2021_03_05_15:00:01,3.28,--,0,0,
sh600020,2021_03_05_15:00:01,3.28,--,727,"238,456",
sh600020,2021_03_05_14:57:22,3.28,--,0,0,
sh600020,2021_03_05_14:57:02,3.28,--,0,0,
sh600020,2021_03_05_14:56:58,3.28,--,404,"132,512",
sh600020,2021_03_05_14:56:46,3.28,--,10,"3,280",
sh600020,2021_03_05_14:56:37,3.28,--,50,"16,400",
sh600020,2021_03_05_14:56:34,3.28,--,10,"3,280",
sh600020,2021_03_05_14:56:19,3.28,--,5,"1,640",
sh600020,2021_03_05_14:56:04,3.28,--,5,"1,640",
sh600020,2021_03_05_14:56:01,3.28,--,1,328,
sh600020,2021_03_05_14:55:58,3.28,--,6,"1,968",
sh600020,2021_03_05_14:55:40,3.28,--,6,"1,968",
sh600020,2021_03_05_14:55:37,3.28,--,5,"1,640",
sh600020,2021_03_05_14:55:31,3.28,0.01,500,"164,000",
sh600020,2021_03_05_14:55:04,3.27,--,3,981,
sh600020,2021_03_05_14:55:01,3.27,--,103,"33,681",
sh600020,2021_03_05_14:54:49,3.27,-0.01,6,"1,962",
sh600020,2021_03_05_14:54:43,3.28,--,10,"3,280",
sh600020,2021_03_05_14:54:13,3.28,0.01,3,984,
sh600020,2021_03_05_14:54:10,3.27,-0.01,9,"2,943",
sh600020,2021_03_05_14:54:07,3.28,--,69,"22,632",
sh600020,2021_03_05_14:53:58,3.28,--,12,"3,936",
sh600020,2021_03_05_14:53:52,3.28,--,17,"5,576",
sh600020,2021_03_05_14:53:43,3.28,0.01,7,"2,296",
sh600020,2021_03_05_14:53:34,3.27,--,172,"56,244",
sh600020,2021_03_05_14:53:31,3.27,-0.01,3,981,
sh600020,2021_03_05_14:53:22,3.28,--,11,"3,608",
sh600020,2021_03_05_14:53:07,3.28,--,15,"4,920",
sh600020,2021_03_05_14:52:52,3.28,--,4,"1,312",
sh600020,2021_03_05_14:52:40,3.28,--,6,"1,968",
sh600020,2021_03_05_14:52:31,3.28,--,1,328,
sh600020,2021_03_05_14:52:07,3.28,0.01,19,"6,232",
sh600020,2021_03_05_14:52:04,3.27,--,2,654,
sh600020,2021_03_05_14:51:58,3.27,-0.01,4,"1,308",
sh600020,2021_03_05_14:51:28,3.28,--,20,"6,560",
sh600020,2021_03_05_14:51:13,3.28,0.01,1,328,
sh600020,2021_03_05_14:51:04,3.27,-0.01,313,"102,351",
sh600020,2021_03_05_14:50:40,3.28,--,9,"2,952",
sh600020,2021_03_05_14:50:34,3.28,--,33,"10,824",
sh600020,2021_03_05_14:50:28,3.28,--,1,328,
sh600020,2021_03_05_14:50:25,3.28,--,20,"6,560",
sh600020,2021_03_05_14:50:22,3.28,--,28,"9,184",
sh600020,2021_03_05_14:50:19,3.28,--,21,"6,888",
sh600020,2021_03_05_14:50:16,3.28,--,15,"4,920",
sh600020,2021_03_05_14:50:13,3.28,--,11,"3,608",
sh600020,2021_03_05_14:50:10,3.28,--,2,656,
sh600020,2021_03_05_14:49:31,3.28,0.01,4,"1,312",
sh600020,2021_03_05_14:49:19,3.27,--,9,"2,943",
sh600020,2021_03_05_14:49:04,3.27,-0.01,1,327,
sh600020,2021_03_05_14:48:43,3.28,--,40,"13,120",
sh600020,2021_03_05_14:48:25,3.28,--,8,"2,624",
sh600020,2021_03_05_14:48:19,3.28,0.01,6,"1,968",
sh600020,2021_03_05_14:47:43,3.27,3.27,35,"11,445",
